USE EDUC;
DELETE FROM SC;
DELETE FROM Course;
DELETE FROM Student;
DELETE FROM Class;

INSERT INTO Class VALUES
    ('CS01', '计算机一班', '张宁', '计算机应用'),
    ('CS02', '计算机二班', '王宁', '计算机应用'),
    ('MT04', '数学四班', '陈晨', '数学'),
    ('PH08', '物理八班', '葛格', '物理'),
    ('GL01', '地理一班', '张四', '应用地理');

INSERT INTO Student VALUES
    ('20170101', '王军', '男', 'CS01', '下关40#', 20, 1.76),
    ('20170102', '李杰', '男', 'CS01', '江边路96#', 22, 1.72),
    ('20170306', '王彤', '女', 'MT04', '中央路94#', 19, 1.65),
    ('20170107', '吴杪', '女', 'PH08', '莲化小区74#', 18, 1.6),
    ('20170278', '李四', '女', 'PH08', Null, 19, 1.51),
    ('20190664', '余五', '男', 'CS01', Null, 24, 1.84),
    ('20170675', '王二', '女', 'CS02', Null, 23, 1.7),
    ('20180899', '吴四', '男', 'PH08', Null, 19, 1.95),
    ('20200666', '陈一', '男', 'MT04', Null, 21, 1.55),
    ('20180287', '余五', '女', 'CS02', Null, 24, 1.93),
    ('20160553', '李六', '男', 'MT04', Null, 18, 1.74),
    ('20170711', '张一', '男', 'CS02', Null, 22, 1.91),
    ('20190331', '张七', '男', 'PH08', Null, 22, 1.53),
    ('20180886', '吴六', '男', 'CS01', Null, 20, 1.93),
    ('20180939', '李一', '女', 'CS02', Null, 18, 1.72),
    ('20160613', '钱九', '女', 'GL01', Null, 23, 1.61),
    ('20180596', '王四', '女', 'GL01', Null, 19, 1.92),
    ('20170748', '葛一', '女', 'GL01', Null, 23, 1.54),
    ('20180401', '李二', '男', 'GL01', Null, 24, 1.95),
    ('20160785', '钱九', '男', 'GL01', Null, 18, 1.66),
    ('20160925', '吴六', '女', 'GL01', Null, 23, 1.62),
    ('20190776', '张三', '男', 'GL01', Null, 18, 1.5),
    ('20160339', '余八', '女', 'MT04', Null, 22, 1.7),
    ('20160593', '余五', '男', 'PH08', Null, 20, 1.64),
    ('20200480', '陈五', '女', 'CS02', Null, 20, 1.82),
    ('20160310', '陈九', '女', 'CS02', Null, 22, 1.5),
    ('20200616', '吴五', '男', 'CS01', Null, 20, 1.79),
    ('20200597', '余七', '男', 'GL01', Null, 23, 1.55),
    ('20200815', '王四', '男', 'CS01', Null, 20, 1.79),
    ('20180647', '张五', '男', 'CS02', Null, 22, 1.97),
    ('20170632', '王六', '女', 'CS02', Null, 23, 1.62),
    ('20160676', '吴三', '女', 'CS01', Null, 19, 1.68),
    ('20180570', '陈八', '男', 'PH08', Null, 21, 1.84),
    ('20200343', '葛六', '男', 'GL01', Null, 19, 1.93),
    ('20200706', '李九', '女', 'PH08', Null, 24, 1.56),
    ('20170659', '王九', '女', 'PH08', Null, 22, 1.83),
    ('20170680', '吴六', '男', 'CS01', Null, 20, 1.73),
    ('20180494', '陈九', '男', 'MT04', Null, 23, 1.88),
    ('20180144', '张五', '女', 'CS02', Null, 24, 1.7),
    ('20160993', '钱六', '男', 'CS01', Null, 19, 2.0),
    ('20170750', '钱二', '女', 'CS02', Null, 19, 1.71),
    ('20160769', '王四', '女', 'GL01', Null, 19, 1.94),
    ('20180100', '余三', '男', 'MT04', Null, 23, 1.86),
    ('20160103', '王四', '女', 'GL01', Null, 24, 1.95);

INSERT INTO Course VALUES
    ('0001', '高等数学', Null, 6),
    ('0003', '计算机基础', '0001', 3),
    ('0007', '物理', '0001', 4),
    ('8471', 'dbbgc', '0007', 1),
    ('5753', 'ihcei', '0003', 3),
    ('5560', 'gegdf', '0001', 6),
    ('5622', 'adhfh', Null, 5),
    ('7480', 'hhhed', '0007', 2),
    ('7966', 'idfgb', '0007', 4),
    ('4301', 'idgii', '0001', 4),
    ('7837', 'adcai', Null, 4),
    ('1721', 'hihhe', Null, 4),
    ('6621', 'fahhc', Null, 5);

INSERT INTO SC VALUES
    ('20170101', '0001', 90),
    ('20170101', '0007', 86),
    ('20170102', '0001', 87),
    ('20170102', '0003', 76),
    ('20170306', '0001', 87),
    ('20170306', '0003', 93),
    ('20170107', '0007', 85),
    ('20170306', '0007', 90),
    ('20180570', '4301', 69),
    ('20190331', '7837', 70),
    ('20180899', '5560', 87),
    ('20170748', '0003', 78),
    ('20190664', '0001', 92),
    ('20160593', '7966', 98),
    ('20170659', '0007', 62),
    ('20160925', '7480', 90),
    ('20180287', '1721', 85),
    ('20200666', '8471', 64),
    ('20160613', '6621', 61),
    ('20170675', '7480', 66),
    ('20180899', '7480', 76),
    ('20160925', '5622', 70),
    ('20160553', '4301', 81),
    ('20200706', '5560', 87),
    ('20180401', '0001', 91),
    ('20200480', '1721', 74),
    ('20180100', '5622', 60),
    ('20170711', '0001', 90),
    ('20170632', '0007', 84),
    ('20200343', '0003', 88),
    ('20160593', '0007', 67),
    ('20160769', '7966', 73),
    ('20200666', '5753', 73),
    ('20160925', '6621', 71),
    ('20160103', '8471', 96),
    ('20200616', '7837', 68),
    ('20200666', '0003', 71),
    ('20160769', '1721', 82),
    ('20170711', '1721', 83),
    ('20160785', '5753', 78),
    ('20160593', '5560', 97),
    ('20180494', '7837', 94),
    ('20160613', '0001', 94),
    ('20200815', '4301', 94),
    ('20180647', '0007', 73),
    ('20170711', '7837', 94),
    ('20200480', '8471', 66),
    ('20180144', '5622', 76),
    ('20170680', '4301', 60),
    ('20160553', '5753', 81),
    ('20170278', '5560', 80),
    ('20200480', '7837', 81),
    ('20200616', '0007', 84),
    ('20200343', '8471', 88),
    ('20160103', '6621', 66),
    ('20160339', '4301', 87),
    ('20180886', '5560', 98),
    ('20200815', '8471', 85),
    ('20160676', '5622', 90),
    ('20170748', '7480', 94),
    ('20180596', '1721', 86),
    ('20180287', '5622', 64),
    ('20180287', '0007', 62),
    ('20200480', '6621', 90),
    ('20170748', '0001', 74),
    ('20170750', '7966', 81),
    ('20180144', '4301', 73),
    ('20160310', '0003', 91),
    ('20180886', '7480', 66),
    ('20160310', '5622', 88),
    ('20180886', '0001', 74),
    ('20160785', '8471', 94),
    ('20180596', '0007', 71),
    ('20160676', '7837', 72),
    ('20190331', '0001', 85),
    ('20160993', '5622', 95),
    ('20180570', '5753', 82),
    ('20200666', '0007', 67),
    ('20180494', '0001', 89),
    ('20160925', '0007', 83),
    ('20180100', '0007', 72),
    ('20170675', '0001', 97),
    ('20160593', '7480', 75),
    ('20170278', '5753', 90),
    ('20160593', '8471', 95),
    ('20190331', '5622', 85),
    ('20170711', '5560', 63),
    ('20170748', '5560', 63),
    ('20160553', '0007', 63),
    ('20160339', '7966', 65),
    ('20170750', '5560', 80),
    ('20170278', '1721', 98),
    ('20190776', '5560', 99),
    ('20190664', '7480', 99),
    ('20180570', '0003', 96),
    ('20170711', '7480', 84),
    ('20160676', '4301', 73),
    ('20160769', '5753', 76),
    ('20190776', '4301', 67),
    ('20170278', '7966', 72),
    ('20200343', '5753', 64),
    ('20160310', '5560', 73),
    ('20170680', '1721', 99),
    ('20160769', '4301', 92),
    ('20190776', '5622', 99),
    ('20170659', '5560', 62),
    ('20170675', '7966', 69),
    ('20160676', '5753', 91);
